chain,1
e16
endChain
chain,2
e63
e940
endChain
chain,1
e135
endChain
chain,1
e48
endChain
chain,5
e175
e3154
e2441
e2561
e694
endChain
cycle,2
e552
e652
endCycle
cycle,2
e1893
e199
endCycle
cycle,3
e2839
e946
e1111
endCycle
cycle,3
e700
e2719
e1972
endCycle
cycle,3
e529
e1510
e2927
endCycle
cycle,3
e298
e2982
e1706
endCycle
cycle,2
e997
e1027
endCycle
cycle,3
e2088
e1422
e3260
endCycle
cycle,3
e2405
e1184
e613
endCycle
cycle,2
e592
e2495
endCycle
cycle,3
e1363
e2593
e1837
endCycle
cycle,3
e1165
e1785
e1946
endCycle
cycle,3
e3066
e2181
e2691
endCycle
cycle,2
e3087
e644
endCycle
cycle,2
e871
e2517
endCycle
cycle,3
e725
e2323
e1568
endCycle
cycle,3
e2202
e2016
e920
endCycle
cycle,3
e2058
e2375
e1812
endCycle
cycle,3
e1209
e384
e2349
endCycle
cycle,3
e335
e810
e1757
endCycle
cycle,3
e3011
e415
e405
endCycle
cycle,3
e1061
e452
e1439
endCycle
cycle,3
e1544
e1864
e1132
endCycle
cycle,2
e3122
e2303
endCycle
cycle,3
e2239
e1625
e771
endCycle
cycle,3
e2817
e2487
e3189
endCycle
cycle,2
e893
e1596
endCycle
cycle,2
e242
e1679
endCycle
cycle,3
e2274
e2620
e980
endCycle
cycle,2
e1320
e3209
endCycle
cycle,2
e310
e1521
endCycle
cycle,3
e1665
e1258
e496
endCycle
